15.0,16.573329977530953,18.154313284108344,19.746456928081493,21.38049435627231,23.166289324142284,24.87303682303472,25.394175684184088,25.876093632541203,26.322367126927567,26.739541733355274,27.13643486849716,27.52216700176848,27.903606224516334,28.27777777777778,7.5,7.456251831086314,7.385270284298039,7.252309279275743,7.001980690150358,6.498227372516102,5.455628228243357,4.796585730585424,4.122245836339986,3.4428262009556034,2.763264325846018,2.082003468556633,1.3936118843161795,0.6948101013043734,-4.488911097129109e-20,-0.02779898027735428,-0.04486695660005162,-0.08331733452533571,-0.15201450398350858,-0.27494488194697875,-0.5483731075276314,-0.9017201724444669,-0.9503048274434979,-0.9896240896283202,-1.0202279041474556,-1.0432795495329057,-1.0600505278949846,-1.0711468045148085,-1.0768069552822086,-1.076742388594688,-0.016264702025243712,-0.036427982599201617,-0.0644076815316595,-0.11108602773705838,-0.21754491688412705,-0.2590553535636976,-0.08652177249167188,-0.07103816389441361,-0.05641313806347921,-0.04333587105427959,-0.03189574179846248,-0.021089890301523594,-0.0106639437743303,0.00012274909220437972,-4.00243366651007e-05,1.5739380677135377,1.582575936579671,1.5976858265580285,1.6531009402632946,1.855486748005007,2.0,0.8401920767792174,0.8288420818571869,0.8128782640126639,0.7973951304416921,0.7884418278334038,0.7890958433602523,0.7961280114389887,0.7891548819586202,0.0001715350818921038
1.7222222222222223,2.7828963935913666,3.843085123658822,4.903286898806987,5.963746663889301,7.024603507678537,8.085903177775004,9.147582879043416,10.20948901168917,11.271493247985031,12.333588888410103,13.395848474768576,14.458450674753866,15.521726897924728,16.586030972756774,17.651675087676267,18.718837539188534,19.787211318064454,20.855803185250238,21.922960808227856,22.986695326574356,24.04589028716713,25.101826131434375,26.15877266841249,27.22010557583755,28.27777777777778,-7.700712886265226e-19,-0.00016493248057479815,-0.0006469331476826316,-0.0014820781046030948,-0.002627982035701665,-0.0037397476028069605,-0.004751427573109432,-0.005699208949157009,-0.006447021388142947,-0.006818585395999083,-0.006714243618262403,-0.0061585194788331766,-0.0053584843759883665,-0.004586837108304363,-0.003921488143343421,-0.003226108619207235,-0.002446709097459461,-0.0017482757806448024,-0.0012403040918669136,-0.0007928720685012403,-0.0003368084243509658,-5.5007337460921386e-05,-1.0991337365521766e-05,-4.632082424993958e-05,-0.00010197926901271275,1.0442639564219575e-19,-0.00015549354070804955,-0.0004546188886531361,-0.0007877182915950286,-0.0010805765790591535,-0.0010479831589503997,-0.0009532341476856303,-0.0008927102313368367,-0.0007042124078746069,-0.0003498703340220751,9.824317537249729e-05,0.0005231562704130126,0.0007529030876415011,0.0007257347127627976,0.000625167631582569,0.0006525514114592058,0.0007303452288565002,0.0006537477327419308,0.00047537193512214735,0.00041929895955728,0.00042883674123813325,0.0002660896149760261,4.1691587169720436e-05,-3.344400589333877e-05,-5.2448084922117715e-05,9.641386915332482e-05,0.00023559426960959647,-0.00042301897761487755,-0.0004712900020830727,-0.0004143408579194538,4.611143582069143e-05,0.00013397636584609447,8.553729931320405e-05,0.00026631832037116805,0.0005005226294396682,0.0006329251881126324,0.0006001052513908265,0.00032441821718084984,-3.8343295265437516e-05,-0.00014186038749341444,3.858114306608978e-05,0.00010947900063855437,-0.00010766627821035603,-0.00025045458129273904,-7.869767440861627e-05,1.3504350651590458e-05,-0.00022953130106569217,-0.00031785239442425083,-0.00010675634020280365,-2.6931535065348314e-05,0.0002103997532691428,0.0001973629312260428,-8.704730883627576e-05,1.0606741597721459,1.0601887900226128,1.0602020779733856,1.060460334666829,1.0608574177447438,1.0613001218212406,1.061680108886696,1.0619063848068182,1.0620043003981274,1.0620956419018839,1.0622597290803781,1.0626025009718185,1.0632764982516323,1.0643042621270336,1.0656443364759938,1.0671627286095904,1.0683739932937175,1.068591987381071,1.067157713628944,1.0637345695318756,1.0591949732920298,1.0559358435782238,1.0569465350440208,1.061332908213796,1.057672206818548,0.0
15.0,16.11003346526183,17.218065257298157,18.32416535789814,19.42903707503964,20.533434858387942,21.63788011770796,22.74272950229993,23.848405948363954,24.95530441898414,26.063411206684,27.17173523254312,28.27777777777778,-7.684029289431195e-20,0.00021938063980500753,0.0002946248052174096,0.00018280048848470733,3.571266186465702e-05,2.3137877476783426e-05,7.696883118156196e-05,2.056738481188931e-05,-0.0001241261842369598,-0.0001559836170521948,-4.609404022301461e-05,-3.165812808481668e-06,-4.598486070881235e-20,0.0001976408668890572,6.790805313036576e-05,-0.0001010930009573482,-0.00013312276648726266,-1.1392447925542728e-05,4.873151893831717e-05,-5.10526242239779e-05,-0.00013086191258854533,-2.878248955774605e-05,9.917117209909113e-05,3.873544566962535e-05,2.8813710730653025e-06,0.0002113339629524312,-0.00017531735404174907,-0.0002287889815209845,-4.343892715650652e-05,0.00016524856910008097,8.165430703365272e-05,-0.0001355149636746021,-0.000108343443778997,0.00013848513168118236,0.00017339776825439548,-8.180992686117357e-05,-4.855422584632208e-05,0.0002826808042994614,-0.00022545913362694687,1.1100334849675175,1.108031794571154,1.1061000951667717,1.1048717234076246,1.1043977699184058,1.104445219368806,1.1048493781298758,1.1056764479549512,1.1068984606545282,1.1081067923708918,1.1083240261298521,1.1060425212554152,0.0
1.5,2.3519398498474193,3.224451958030596,4.139335915471833,5.129836362129875,6.56934348700116,7.590461457178531,8.618518006845113,9.649352977503705,10.681812287177507,11.715431100193923,12.749725093265138,13.78553700774617,14.820494539017194,15.858764671020321,16.895713174668856,17.932301877838242,18.967965713422494,20.001450587161,21.038004432370574,22.07179684595043,23.10560614641687,24.139815920613177,25.174350409308353,26.2092580910087,27.243959913893764,28.27777777777778,-5.502545454545454,-4.710551663059567,-3.924565589611577,-3.153656908766512,-2.4075046559074194,-1.504585540606054,-1.138417399027464,-0.8489167227480061,-0.6194497904863603,-0.43751419738254366,-0.29363740926781606,-0.18066028503279483,-0.09311501221992308,-0.026502730238394886,0.023182905879692583,0.05864389418378691,0.08233482594638822,0.09621474141303459,0.10212696443359331,0.10150047945693562,0.0955813065067171,0.08546694785924433,0.07207464937864047,0.05622486219070637,0.03849929321581085,0.01953377416412849,1.0103929199768443e-19,0.7489492963790323,0.7332740989183499,0.7001998169546325,0.6456150942024199,0.5602098155317801,0.3443115147122164,0.2744917202949686,0.21903178078778562,0.17442510385367785,0.13830841564854346,0.10879980307293788,0.08431811197954252,0.0642736196265482,0.04781770777883255,0.034184138736978814,0.02285072157535983,0.013401172255403155,0.005720609186148373,-0.0006043912431644776,-0.005725605543267014,-0.00978326238908249,-0.0129485776882972,-0.015319487713067724,-0.017126004237804075,-0.018327396371834715,-0.01889254095825795,-0.01881970822258274,-0.02021097842085012,-0.04222146091347543,-0.06833110196364894,-0.10293984482093671,-0.18832438629381748,-0.09624580158390059,-0.07773326369127663,-0.06327319693055145,-0.051629753923671334,-0.042388893664201614,-0.03528034358204771,-0.028916066235328112,-0.02379642312410003,-0.019671493595292494,-0.01638334561457481,-0.01366958915067755,-0.011122646228982253,-0.009179699546603252,-0.00741078667999711,-0.005887385804840128,-0.0045924714077318135,-0.003438422064584615,-0.0026190089290312104,-0.0017410524553899472,-0.0008191448757455112,0.00010565787394296623,-4.007385592160327e-05,1.1632092121665512,1.1743302273936052,1.1963748774856002,1.2400944798342834,1.6992479702512189,1.0847861504373602,1.068040675904916,1.0560661647502727,1.048366659470713,1.0435843606636113,1.0404460064112195,1.0395049287817395,1.0370989598851672,1.039458251457929,1.0375546416696069,1.0368593860458786,1.035756833083382,1.0335017714738823,1.0365540269468836,1.0338093509602144,1.0338587756341493,1.0342964794652674,1.0346558929014502,1.0350594680020357,1.0348756213784536,1.0340023891493217,9.234786949142495e-18
15.0,15.93415932220647,16.877077865248015,17.830089279003463,18.796378816528595,19.78181184595574,20.80335514209094,21.888911391645845,23.290084118659358,24.872901443497128,25.69902052798333,26.42048991298805,27.069032282886848,27.671236853296826,28.27777777777778,-7.5,-7.499575525981211,-7.491763012956163,-7.468209588865465,-7.419114051079954,-7.332068358827907,-7.188441358490395,-6.955239341586186,-6.497204130018358,-5.4653473134705735,-4.465410263670741,-3.4008586366505744,-2.2986054577191948,-1.1750912837681287,-4.387936239290656e-20,0.00045438653699006345,0.008285278390930137,0.024709713965123566,0.05076465422012346,0.08810374714763927,0.13968244392782556,0.2116065907423831,0.31594411647957216,0.5777178083720227,0.8802998585286049,0.9751794700170183,1.0389656753393153,1.0787645023888923,1.0943005484335238,1.0941049287528077,0.012573592427471324,0.026121252478143876,0.04097390687552114,0.05782336717226587,0.07804833979425013,0.10420359045126906,0.14003327309099023,0.26032195318308005,0.23574711614323218,0.10928802305867705,0.07426404718575486,0.04664572986954235,0.01827955048509068,-0.00022189192688573675,2.9677530219914138e-05,0.9341594180765364,0.942950905639496,0.953302421883955,0.9675359641711495,0.9892700354375499,1.0315907212783912,1.1103222737619327,1.4741374366295412,1.8894547184075972,1.297053138452696,1.285996979319572,1.278893770048536,1.2747291648379762,1.3223960863841453,2.6226537948254486e-06
28.27777777777778,28.333334462770186,28.388894053402133,28.444448208303395,28.5,-1.2618696449430776e-20,-1.3756889490195578,-2.7513258110490155,-4.126929605766894,-5.502545454545454,-1.5304336421136113,-1.5304300032007998,-1.530432932317589,-1.5304349781652526,-1.530430467694312,3.9637810180925956e-06,-3.1922421637346277e-06,-2.393149264297051e-06,4.922289819244834e-06,9.096959960643815e-06,1.3768103080560588,1.3767583804520336,1.3767251199920554,1.376737050079556,0.0
28.27777777777778,28.333300781732735,28.388834628166272,28.44439696921171,28.5,2.916192932119048e-20,1.3757314288941438,2.7512111701746345,4.126771087680453,5.502545454545454,1.5304593200358243,1.5304441142746956,1.530425665282558,1.5304025348352739,1.530362211991646,-1.6573140140669338e-05,-2.0175350237964975e-05,-2.5140048390597783e-05,-4.386576670132675e-05,-4.1817495531804564e-05,1.37685139657923,1.3766003363584995,1.3766816019732555,1.3768975282187015,5.253389655105692e-05
1.5,1.9206196245382332,2.3458504796333313,2.7752487221993665,3.212555759523312,3.661530995273201,4.125739769787037,4.6119333610294095,5.127365604541521,6.61066644604938,7.8508875237031415,9.1099053259704,10.379411840168126,11.654429959837659,12.934459134117875,14.212724438488452,15.489678210322458,16.771350222055975,18.047944217054717,19.327675169602614,20.60516658952867,21.88290017797229,23.160872063058754,24.441488575971135,25.718270586942843,26.994843884091164,28.27777777777778,5.502545454545454,5.131612028611324,4.758763922711511,4.386696478015438,4.01451734422768,3.6418590525934205,3.268795713188861,2.893913813033178,2.517035448549177,1.5039741185419144,1.049902697902419,0.7213350717769986,0.4823499167824674,0.3090286135812671,0.183932955104584,0.09519572410574863,0.0334414935161934,-0.00817572437605391,-0.03450467972283037,-0.049687750802360674,-0.05590055759146244,-0.05529125713296642,-0.049608249446814946,-0.04029227110092283,-0.028199009287081925,-0.014447913112667665,2.7067539813465175e-19,-0.7227098716279433,-0.7198561180901227,-0.7139873476084134,-0.7051152351336445,-0.6927795012547232,-0.6769651507391533,-0.6568405815684017,-0.6313529550176853,-0.5992099798343233,-0.3509640262355687,-0.2552777249772878,-0.18607280578029123,-0.1351081645481173,-0.09741945872106487,-0.0693088447109368,-0.04832289516437855,-0.032459616689316816,-0.02062143980301926,-0.011863705972740671,-0.00486324731069029,0.0004768486554480563,0.004446872468618928,0.0072745240851091846,0.009471392382945745,0.010771456552000323,0.01126123667548328,0.011323381168109808,0.007632678348599615,0.015564638948098638,0.023418567009878353,0.0322114603574438,0.040632635130180284,0.050644988695512136,0.06219206286634508,0.07536669536403229,0.20440941366889445,0.1082494736354299,0.07961049110542633,0.05910945866530406,0.04390676445658814,0.032773475713069246,0.024562218309122797,0.018610219445094785,0.013846581386357118,0.01028779178608665,0.008204617434134419,0.006270062871481809,0.004660587684089805,0.003318869947082287,0.0025731353059925467,0.0015272845339134242,0.0005754679859350531,7.267011019159407e-05,0.00019569325223034906,0.5608141175052856,0.5655413248604749,0.5681698988717788,0.5742427644360063,0.5834834741777052,0.5955384463430938,0.6139386345579304,0.6385199282222672,1.7962390267673243,1.32073054625844,1.301185041026179,1.2918052020287376,1.2867445201676797,1.2861273297899662,1.2813416607904407,1.278446122366195,1.2823475002959832,1.2768654659457639,1.279821015587826,1.2775065270224324,1.2777337274829097,1.2779845127835785,1.2806503841918797,1.2768392709276546,1.276647332117992,1.283015217113064,0.0
1.7222222222222223,2.1884815787305327,2.6633681733857224,3.1702598762883736,3.726222420075373,4.352959613486084,5.125211814727116,6.618138242411417,7.817637710238509,9.022103426541003,10.219311540020149,11.416243378050172,12.605838781215073,13.804217176530546,15.0,-4.344774713342458e-20,0.848957539812284,1.691049211989312,2.543999129775426,3.4047810045869618,4.265960659721492,5.165274809178837,6.496128175739666,6.898068194525308,7.157825598480398,7.320120060235881,7.416458105674925,7.467441364757567,7.490693315914045,7.5,1.0685568043878817,1.0573159867400097,1.034592751815562,0.9973222822981115,0.9416776464542226,0.8612659592720423,0.7280652788526439,0.323330524759931,0.21240875889491836,0.13473944006027702,0.08031435764698623,0.04283140911311511,0.019400423314148933,0.007782854355662094,0.0077640173714254085,-0.017406655789288197,-0.03524201747240666,-0.05628559883182339,-0.0812742957997738,-0.11276539663503254,-0.1669840159142048,-0.2947114603529905,-0.13077185808269087,-0.09427257311252767,-0.06746936416533006,-0.0467881923310685,-0.029509230547127608,-0.01453782577456474,-2.3655560203238632e-05,-3.099646040628822e-05,0.9685693982545138,0.9667655671529403,0.9922009671612112,1.0247144890701256,1.065096176554139,1.1853857596948971,2.0,1.2650512835482783,1.2321572818873936,1.20815841521483,1.2008025771071813,1.1906874120648705,1.1986039495697374,1.1958190285207726,0.001458029717054251
15.0,15.0,15.0,15.0,15.0,15.0,15.0,4.890920485489837e-19,1.5258014092988412,1.5258043118916187,1.5258073955642795,3.517161417317684,5.5096161454571515,7.5,1.5707963267948966,1.5707963267939289,1.570796326794869,1.5707963267948966,1.5707963267948966,1.5707963267948966,1.5707963161896559,-9.526391137526166e-13,4.739843424497171e-07,9.745491955481275e-09,7.830936421330878e-17,-2.3163439905468323e-18,-7.984513427076079e-09,0.0019393765272709815,1.5258014092988412,2.9025927773768982e-06,3.083672660658126e-06,1.9913540217534047,1.9924547281394678,1.9903838545428483,5.389938210554547e-06
1.5,1.7425676510019505,1.9925340915868708,2.259637312109997,2.551166151049755,2.880554338879739,3.263042082882088,3.7212140611274545,4.301625264635209,5.125124387677198,6.562727425293617,7.769237672123067,8.980780951029702,10.191537097214129,11.394249829092082,12.594583508979467,13.799119537199317,15.0,-5.502545454545454,-4.340726548854542,-3.1793797134244985,-2.011670978409558,-0.848446678224918,0.3175978234864212,1.4828390491445662,2.6478008461875815,3.834780518308974,5.104878279372763,6.495308992852699,6.9161423591978215,7.182808090218354,7.346418940482296,7.438581848510118,7.483377186274919,7.49887282658983,7.5,1.3649703291105142,1.3587923079872468,1.345923729559522,1.3252329479499028,1.2954862863162149,1.2536298108446027,1.1960846959258136,1.1160022256265987,0.9955645836927566,0.7687194551204695,0.33560733064216275,0.21664967240468627,0.13431751263523214,0.07647972332552049,0.03730175785026421,0.012863736418891679,0.0009386280145241122,0.0009925495451103684,-0.00780778961304108,-0.01624756722501995,-0.025903715667752784,-0.037190994207000797,-0.05177017419265599,-0.07026646372868375,-0.09566619206970228,-0.1358851157590954,-0.22111595096800904,-0.31408183489701363,-0.13874652493534767,-0.09922481615526933,-0.0708905682540358,-0.04868067582256108,-0.030508326471158632,-0.014847960626699354,6.736002795006883e-05,-2.5027230487252423e-06,1.1868707721439593,1.187943472322352,1.1978680274770075,1.1991996628035724,1.211675011841786,1.2264110193059967,1.2518216926194763,1.3212864556223969,1.5137037726710028,2.0,1.2777979793375895,1.2405433188673103,1.2217605963899218,1.2062387460185113,1.2011692474240308,1.2046356860621876,1.200880990429489,0.0005988758288571951
15.0,15.0,15.0,15.0,15.0,15.0,15.0,15.0,15.0,15.0,15.0,15.0,15.0,15.0,15.0,-7.5,-6.429393872629342,-5.35891626863385,-4.2886753940766935,-3.218720644113733,-2.148969628961511,-1.0790963008858572,-0.008416530389696315,1.0640940121928517,2.139346162199458,3.2168303559559304,4.292636587098028,5.360526838344262,6.432346341113871,7.5,1.5707963267948966,1.5707963267948966,1.5707963267948966,1.5707963267948966,1.5707963267948966,1.5707963267948966,1.5707963267948966,1.5707963267948966,1.5707963267948966,1.5707963267948966,1.5707963267948966,1.5707963267948966,1.5707963267948963,1.5707963267948966,1.5707767779372037,-8.387659056890984e-17,6.515038617101176e-17,7.600257229123386e-17,6.451002926288751e-18,-4.107008651351926e-17,1.4322310698533514e-16,7.060866648311848e-17,-4.4797878514385436e-17,8.429671891074797e-17,-4.095573706563993e-17,-1.5107002020869897e-16,-3.2867588858898067e-16,3.630722025110833e-16,-2.7282642040893704e-05,0.0003643424983681894,1.070606127370657,1.0704776039954926,1.0702408745571563,1.0699547499629602,1.0697510151522225,1.0698733280756536,1.0706797704961608,1.072510542582548,1.0752521500066063,1.077484193756472,1.0758062311420977,1.067890251246233,1.07181950276961,1.0676536588861294,0.0
15.0,16.285532120325644,17.577165352168763,18.88522074317588,20.219271873000157,21.605369631011705,23.253593057999137,24.874230949016784,25.51875343389463,26.047486736680117,26.492007179025343,26.872364644968098,27.206155429450224,27.503279656125038,27.77466441424096,28.026403285898287,28.266333623887412,28.5,7.5,7.497210933384563,7.47523657870385,7.412263426994434,7.2786517113858045,7.025776273030238,6.497550536499358,5.325572330858929,4.310928016399107,3.2632114028970958,2.194565523961355,1.1149189074012003,0.023105043307536134,-1.073825300073139,-2.179196119517243,-3.2849864491206566,-4.394125548416035,-5.502545454545454,-0.002169579021584641,-0.017011190544113746,-0.048105431782478204,-0.09982198393240192,-0.18045240490301673,-0.3101399368282873,-0.6261001457986269,-1.0048814535904307,-1.1034332413956582,-1.1766023002292598,-1.2320756674947366,-1.2740989051915472,-1.3062748868922975,-1.3300435773906136,-1.3469561095183151,-1.35775764792413,-1.3630281484076168,-1.3630350705360867,-0.017315896524305235,-0.03608946551787597,-0.059167712247211894,-0.08996561116517816,-0.13719837102048146,-0.2672759633180214,-0.2767935984545073,-0.12236572482951953,-0.09324983375369726,-0.07176972542886706,-0.05501175778992086,-0.04224870274109631,-0.03136175143912316,-0.022284869341796312,-0.014285728831549115,-0.006966573438849973,-9.165378447348164e-06,-4.180610982147957e-05,1.285535145052606,1.291820138450219,1.3095703507062622,1.3407253661311564,1.4089758552267528,1.7307983138373768,2.0,1.2020450405705116,1.1735710443682112,1.157411956734419,1.1446871247068142,1.1416977707111633,1.1364589646865542,1.1381978449164185,1.1340831989048372,1.1347934195157092,1.1327818230710205,2.999600799912303e-17
15.0,16.119910797173187,17.243802419677884,18.36226590033642,19.47934506386145,20.60758531439464,21.722955075200534,22.845529231881446,23.96687785834426,25.10723800646929,26.24309784676337,27.371145811774404,28.5,7.5,7.400100482840907,7.297807224939908,7.191442345646734,7.07789528155879,6.952781429078566,6.814644607606659,6.6567746261758165,6.474447594956531,6.256912533392515,6.017003201766468,5.76375083743286,5.502545454545454,-0.08896759895148183,-0.09076695523907777,-0.09481394331770547,-0.10129844204629648,-0.11044165577411041,-0.12322098204005523,-0.13971576547963258,-0.16118567025517658,-0.18849528480863179,-0.20815449072949,-0.22084320420389003,-0.22738799194229758,-0.22753610634556282,-0.002400519220322343,-0.005379019459869286,-0.008657242414019484,-0.012213910227176529,-0.016884988465411917,-0.022011277263125146,-0.028401389367883365,-0.0360423370933796,-0.02539576426868444,-0.016393363631193137,-0.008491240797605645,-0.00019180547912736823,1.8718422979509815e-05,1.1243576413382985,1.128537234286953,1.123509699192241,1.122835158110568,1.1351561735510445,1.1238912234564742,1.1336205964233081,1.1360747696877938,1.1609232138211245,1.1609194906804239,1.1561267040301921,1.1586802968566488,0.0005660442364461967
1.5,2.6287585165355485,3.7641516040476715,4.902788687028065,6.049289159534371,7.163995652789748,8.279307987558086,9.399932013818288,10.517668189055133,11.638722908680931,12.75820612380191,13.87909445113642,15.0,5.502545454545454,5.762692581544729,6.017125805353061,6.257331120723395,6.475667418119435,6.65564424612126,6.812101584624408,6.950999821898497,7.0755418939621,7.190133977687291,7.297212219642444,7.3997552549280785,7.5,0.22651654604816532,0.22045062673077725,0.20791012529716169,0.18818387779609638,0.16007527470501517,0.1393716818936345,0.12331831453829606,0.11096578600381606,0.10186435229352256,0.09535970594815377,0.09122978184423806,0.08919465179299986,0.08922439904215415,-0.007854881715995176,-0.016165257012412313,-0.0254214659213067,-0.036110393490279516,-0.02749658458702199,-0.02137780160138478,-0.016407359874330788,-0.012138381048179445,-0.00865820237869959,-0.005508490443036626,-0.0027121301026331365,3.967522957067779e-05,-1.1585019011681327e-05,1.1583489611362578,1.1635522026395555,1.163697979499541,1.1671049901577515,1.12914225174636,1.126232872266267,1.1291992324733784,1.124653228837382,1.1268961887819207,1.1245925477402956,1.1255690528048419,1.1253791576352763,0.0006761994707386256
1.7222222222222223,2.8322556874840465,3.940287479520375,5.046387580120358,6.151259297261863,7.255657080610163,8.360102339930185,9.464951724522153,10.570628170586177,11.677526641206363,12.785633428906223,13.89395745476535,15.0,-9.69573725794367e-22,0.00021938063980545263,0.00029462480521819665,0.00018280048848575074,3.57126618659328e-05,2.3137877478190497e-05,7.696883118298308e-05,2.0567384813278825e-05,-0.00012412618423565116,-0.00015598361705106235,-4.609404022218422e-05,-3.1658128080411566e-06,3.533030222761897e-20,0.00019764086688945926,6.79080531306744e-05,-0.00010109300095711632,-0.00013312276648705216,-1.1392447925423737e-05,4.8731518938329636e-05,-5.105262422400633e-05,-0.00013086191258861857,-2.8782489557905428e-05,9.917117209881811e-05,3.873544566927359e-05,2.8813710726671563e-06,0.00021133396295197255,-0.0001753173540418762,-0.00022878898152108875,-4.343892715653525e-05,0.0001652485690999564,8.165430703350809e-05,-0.00013551496367465775,-0.00010834344377905788,0.00013848513168106548,0.00017339776825424228,-8.180992686128002e-05,-4.855422584638448e-05,0.0002826808042993806,-0.000225459133627042,1.1100334849675118,1.1080317945711535,1.106100095166775,1.1048717234076255,1.1043977699184067,1.1044452193688061,1.1048493781298772,1.1056764479549508,1.1068984606545256,1.1081067923708963,1.108324026129855,1.1060425212554088,2.168404344971009e-19
1.5,1.5554931672035084,1.6110269161708397,1.6666496928154022,1.7222222222222223,-5.502545454545454,-4.126469596903614,-2.751058886235133,-1.3757576261175088,-1.841825903456104e-20,1.530491046885844,1.5304420203795928,1.5303742805077571,1.5304240683859776,1.530230647863414,-5.343483772911507e-05,-7.364017658620034e-05,5.425617846441022e-05,-0.00021095547713995876,-2.0054924395596105e-05,1.3771943419066208,1.3765313390804237,1.3764255964972087,1.376879557573041,0.00013098286514275428
1.7222222222222223,2.109625211233455,2.506770753308372,2.922876450543818,3.368261908247293,3.856198295301376,4.4202791090815525,5.1252022925507355,6.613403473673371,7.990307346450617,9.389065523684051,10.792724136540558,12.194212957900882,13.595881460220983,15.0,-3.225590449757814e-19,-0.7053776807663542,-1.415444848738377,-2.1322217414583338,-2.8564215396234642,-3.588118417126466,-4.346977734605221,-5.159928428546982,-6.496063634782577,-6.966713989447252,-7.243338009065733,-7.396108653276825,-7.469602000204312,-7.495911761000423,-7.5,-1.068557128123546,-1.0608357081745066,-1.0448211103439526,-1.019417775993386,-0.9826627311224336,-0.931579483015373,-0.856448748503708,-0.7316087883301787,-0.32936707173730767,-0.19524462220389016,-0.10841075116096772,-0.05239148161288348,-0.018768113352032177,-0.002911589543058938,-0.002898462899878402,0.014391084969668995,0.029517451903992877,0.04594371808895884,0.06475621758660657,0.08690703517199135,0.11862697570862932,0.17230565161269962,0.2929985454754754,0.13738808131963168,0.09109679643025569,0.05944266196949027,0.035921926729658826,0.016964293250033766,1.4014023610231627e-05,-1.2202174728740709e-05,0.804760054960069,0.8135846387424024,0.8288021843887015,0.8501961853356333,0.8794670183840334,0.945544619770496,1.0760137082406578,1.9999999999999998,1.455120611451647,1.425848967052128,1.4119477222052714,1.4034144737419074,1.4019154008347934,1.404124490409287,0.005461910478230716
1.7222222222222223,2.874654917479724,4.031687500468737,5.190691588272233,6.3454831480230744,7.505204991443225,8.66773887179506,9.832545518016461,11.025692353548013,12.327299835412463,13.56855674743881,14.817040005747609,16.093701215754272,17.35873763402175,18.574140599289393,19.795285448831322,20.999262131792033,22.21324278729785,23.449638781467858,24.864245431500443,25.4067462702567,25.980699125200697,26.477060068110273,26.976095453838013,27.4814297349376,27.978889455105968,28.5,9.510644408748173e-19,0.050554096891017565,0.09806339732206237,0.141356347129577,0.18072213143364843,0.21593851711609943,0.2459753931779789,0.26952831231125335,0.28283084440331147,0.2789920900345104,0.2532122175423871,0.20163893046490228,0.11775840220324288,-0.0025555215805055623,-0.16500223878289327,-0.3795099135855942,-0.6563608415749095,-1.0180841594320948,-1.5048940733060308,-2.276062204732013,-2.7079119167912036,-3.188573379394349,-3.625406486314421,-4.0770504526441185,-4.543991906351648,-5.010353237325576,-5.502545454545454,0.04383919139852503,0.04103836926812251,0.03733628378529966,0.03407588110413478,0.030356914315408573,0.025831675023850503,0.020217700089599406,0.011148673094944172,-0.0029492311875395287,-0.02076613565910427,-0.041285256661028495,-0.06560872167539375,-0.09482186939146178,-0.13286921001230442,-0.17388703951381645,-0.2260181293066555,-0.28958844504330883,-0.37509214470856195,-0.4991094234121739,-0.67231865110217,-0.6971676232332011,-0.7216951303807321,-0.7355893542173293,-0.7459310264987943,-0.7531436211027358,-0.7568672230337015,-0.7568748879288179,-0.003642019712364399,-0.004795359913939495,-0.004216725657431823,-0.004827854124390803,-0.005850254607040735,-0.007241071767800365,-0.011675879792174071,-0.01772062863864142,-0.020529603304623317,-0.024785928718518296,-0.029190421228222376,-0.03423647363070022,-0.0448813034161883,-0.05013427068828758,-0.06298641559518024,-0.07703335432846907,-0.1009058286591801,-0.13909343356016018,-0.15988320520998114,-0.053703049389289666,-0.04910482340542902,-0.03150960983457656,-0.023043524579417364,-0.015723030128198572,-0.008191015715889864,-1.603552605805125e-05,-0.00010177168231415929,1.153540944937812,1.1580075432342376,1.1598123433342369,1.1554623225100704,1.1602564095252088,1.1629218532053498,1.165044744486614,1.1932209863668146,1.301613136002355,1.241524585409303,1.2495479932379787,1.279413817833161,1.270744885566469,1.2262109529483987,1.2398420390756117,1.235397219206553,1.2667252206298494,1.328780999449522,1.6111524588925872,0.6933983944100457,0.74863697562639,0.6612090054926664,0.673066555625109,0.6880385549327457,0.6818790684032787,0.716804979538222,0.0
1.7222222222222223,2.7953830801986563,3.873026974906879,4.946464325374848,6.023962460553964,7.103338543155939,8.182090368290925,9.257415322303391,10.332538914652405,11.409426580822679,12.48633477476334,13.563113678286621,14.648025923189028,15.725731078436938,16.808458429745794,17.89356385172379,18.985973065270958,20.081159436300275,21.188297500501022,22.313648494117363,23.469958483117072,24.862824610452734,25.650129827427186,26.394987238633455,27.1109391514209,27.809548650794518,28.5,-9.218383926767878e-20,-0.027464954395357007,-0.05435254728361025,-0.0798932382391113,-0.10355628552167717,-0.12442875010650904,-0.14143899703534174,-0.15351947371923202,-0.15954058845202615,-0.1579223612636746,-0.14677668811139963,-0.1238421181135648,-0.08604582681589883,-0.030239592334414235,0.04808042148846547,0.15438334951114216,0.29631991741890257,0.48308537300887683,0.7292432389926425,1.0569534432981158,1.5052451739897885,2.2547918013350423,2.8643302206079837,3.5015772820872053,4.157861933362905,4.826961966376632,5.502545454545454,-0.025586937773656518,-0.02494516084230506,-0.023788896582450262,-0.02195757612187757,-0.01933512054241673,-0.015767141984540628,-0.011233783868007266,-0.00560033946666091,0.0015026767497431017,0.01034931242636827,0.021296010670840013,0.034824037786048465,0.05173626612079532,0.07221008991970355,0.0976539219327144,0.12920603209974843,0.168908176960057,0.21877840962290565,0.28337052653017664,0.3698509182361704,0.49368630421424603,0.6588154078986869,0.7076951462280243,0.7419437754514449,0.7638256816754891,0.7745146382534545,0.7745246090571244,0.0008966886284645375,0.0016088876253438377,0.002558323597081554,0.003649863150625657,0.004957432855317897,0.006302743803386452,0.007857599783326964,0.009909564112649866,0.012321865079193512,0.015245413525657187,0.01883864995367205,0.02336443610926358,0.028450606186464625,0.035143303434891554,0.0433811536795553,0.054008498557296204,0.06723024830531747,0.08521938812102013,0.11022546215410008,0.1486752653135414,0.155334331612806,0.07350475849481419,0.05235992649989022,0.03378212677835777,0.01657321955106047,1.5481421047301492e-05,6.470955093115289e-05,1.073512238666321,1.0779792689158014,1.0737411554918799,1.0777579359770664,1.0795778745711302,1.0788859292170458,1.075392809459003,1.0751404515819938,1.0768888804356544,1.0769658676052385,1.0770231200963805,1.085570420641602,1.07914907895161,1.0855563277532714,1.0902999980785664,1.101591518292992,1.110997080964056,1.1341729952341548,1.172095915580842,1.2401686391331352,1.5817383444470408,0.9956839805484895,0.9802532225864651,0.9712346188703036,0.9673417631699449,0.9659897075497725,1.0579127365157558e-17
1.5,1.5556486298865315,1.6111920343305084,1.6666754334688287,1.7222222222222223,5.502545454545454,4.126885057507691,2.7512456577945774,1.375627564663812,1.4554349066636038e-19,-1.5303660758592499,-1.5304418209009982,-1.5304847958864465,-1.5304389224082935,-1.5304738653817038,-8.251717587992835e-05,-4.6816031860587065e-05,4.9918268669144216e-05,-3.807030055780582e-05,-1.920702781165028e-05,1.3767854506791075,1.3767602637699556,1.376736549901,1.37674854805617,7.674562812255463e-05
1.5,2.3505850462075393,3.222509000228469,4.137514348748446,5.129398415964247,6.604597235863331,7.647331368618008,8.694749375044157,9.744353962168299,10.79474032419427,11.845490815092548,12.89637264639893,13.947956891744482,15.0,-5.502545454545454,-4.715086957108029,-3.932963494069174,-3.165533537943077,-2.422477700600445,-1.5040589912900255,-1.1466497213390154,-0.8677795770005539,-0.6474439714531122,-0.4709988104791675,-0.32698061487337654,-0.20585420375305344,-0.09934431502683531,2.785077345330794e-20,0.7468794513603659,0.7311600462147773,0.6979067603258948,0.6429477730517712,0.5568519592180077,0.3302119690083149,0.2602089912524427,0.20691797758228186,0.16642739972825157,0.13621350358736933,0.11475530271291708,0.10094094010946017,0.09415070361903118,0.09417260624120236,-0.020339239865787197,-0.0425590093466826,-0.06892134999332235,-0.10382882426107823,-0.19319449704413968,-0.09497406108434481,-0.07361534174750656,-0.05657068379438883,-0.04252501249308482,-0.030339665228094604,-0.019586045371633325,-0.009636152428992344,3.10898172207366e-05,-5.6066410371234324e-05,1.159131487590355,1.1713105877144068,1.1942292567439305,1.239340937444206,1.737729676942758,1.1022866267073737,1.0839063780382974,1.072481960724826,1.0651029862339294,1.0605742872441648,1.0578394157387279,1.056964417609039,1.0567232283661079,2.0763426963645623e-05
15.0,15.000000000000005,15.0,15.0,15.0,15.0,15.0,-7.5,-5.500215319705805,-5.032473637753349,-3.9954867758452104,-3.995486775845213,-1.9996194519390502,1.722550224766543e-19,1.5707963267948932,1.5707963267948966,1.5707963267948966,1.570796302209589,1.5707963267948963,1.5707963267948966,1.5707963266899116,5.606757588854043e-15,-4.955346927884275e-14,-3.556367285857801e-08,-2.1427694141411133e-05,3.505834045133055e-16,1.4665271256204386e-10,0.000408771681494796,1.9997846802941952,0.4677416819524561,1.0369868619081382,0.0,1.9958673239061628,1.9996194519390502,5.945114867537135e-05
15.0,16.609902128637888,18.220108208720696,19.832343221096494,21.452422520431412,23.104065599561416,24.867834626511534,25.419430991168433,25.954626332786727,26.477763050980275,26.990844948520007,27.497125449150637,27.999597490834958,28.5,-2.537159354179502e-19,-0.1918935175818486,-0.40412017102077047,-0.6620720492332213,-1.0039794812769638,-1.5013988503146276,-2.3440536320490826,-2.778726218391313,-3.2210302744008157,-3.670035272622515,-4.123532934733236,-4.580747898271526,-5.040956751472774,-5.502545454545454,-0.1186360264884552,-0.13104559161981152,-0.1586518069482739,-0.20799156005739625,-0.292526523774263,-0.44569622004474346,-0.6673973080254071,-0.6906532486649796,-0.7092893307514808,-0.7238316697842279,-0.7345176144249816,-0.7415247751322694,-0.7450726769972317,-0.745072307024533,-0.011480638040461448,-0.02549076147255229,-0.045297471436918674,-0.07643321032686927,-0.13241775440536735,-0.1685136656907518,-0.04963150485988814,-0.0402398699705337,-0.03163046912690855,-0.02340335331752202,-0.01540641146480203,-0.007810340952111557,8.11590966323894e-07,1.2042484929497115e-07,1.6212981859203108,1.6241316930856788,1.6327403032754033,1.6557649618061818,1.7249205299824029,1.9547245999290461,0.702281144538228,0.694310397332084,0.6894037375658018,0.684772341929748,0.6821770063300013,0.6813738629865863,0.6807839611911803,7.505157607425835e-05
15.0,16.041233485113263,17.10831972113011,18.156715944831326,19.17115105236978,20.197648178018717,21.232335269604434,22.302178387011963,23.44285407640891,24.862864656588602,25.842073254505248,26.763315990693645,27.639205966631458,28.5,1.0309145676687961e-19,0.07936331912385458,0.16848753779543996,0.27465572777341357,0.40522323769475255,0.5726772378242936,0.7902516886363089,1.0839278969527886,1.5047816933166975,2.25535931774968,3.0050822593437916,3.8138485150202674,4.6493766821938936,5.502545454545454,0.0760734363703422,0.08332771748905263,0.10092316777827337,0.12800578551312264,0.1617070838389011,0.20726076787293993,0.2679050037196497,0.35345720581078055,0.48624297594588906,0.6534369102302994,0.7204745504370619,0.7618187065079534,0.7809492986528096,0.7809824013018722,0.010419797873762645,0.024643020408808104,0.0385324897867307,0.049384780075355156,0.0656039810698373,0.08582386308376697,0.11515991246699546,0.1623779059033995,0.15489105782768872,0.08135702333405197,0.050545914659335375,0.023701492601105288,4.094445328240359e-05,-0.00012369980814378712,1.0442536548037233,1.0708016411200811,1.053758187609885,1.0228032073614164,1.0400659521779807,1.0573154772485363,1.1094187538692948,1.215836719989574,1.6061745741778173,1.2332614968545146,1.22588376663399,1.2104918647109555,1.2119666803124727,6.529931239051905e-05
1.5,2.097861131974414,2.6943346793649896,3.305729219656424,3.9450254459734135,4.623355172967145,5.956282430976615,7.216808784249137,8.571937781688979,9.727102652771055,10.958181234084563,12.348565500333017,13.674047765398473,15.0,5.502545454545454,4.896102603814675,4.301869831237301,3.713027254182392,3.1278070064143932,2.5469055340546394,1.53219437922711,0.9423865711992986,0.5007901996610036,0.2779383393642789,0.12164564056115726,0.011889285564121893,-0.011884786480639009,1.5933567520120532e-19,-0.7925238500954197,-0.7835162775138989,-0.766610774133904,-0.7412657669039353,-0.7081807012841277,-0.6506719111811982,-0.43764436699839,-0.3150189116767755,-0.19057656427353792,-0.12628028335931518,-0.07877625220966163,-0.017934256806257515,0.008962967544528196,0.008594945091319306,0.015864532297485665,0.030109124834541357,0.044757357406230804,0.057197422082048026,0.09629271202453364,0.18848264360706607,0.1314073343934308,0.13022634780653047,0.08179525948858517,0.05735707922726473,0.06534201339025694,0.030424349037580595,-0.0004163203092683929,0.00014597724958806413,0.8515931161502206,0.8419580041402497,0.8488456055266936,0.866707792851828,0.8930720718447869,1.675211563277413,1.3916895905280906,1.4252655667615053,1.1764645469242656,1.2409600435138817,1.3947095909137088,1.3256954533652736,1.326005494427938,0.0003427426025655745
1.5,2.630157777122818,3.763602932801316,4.902611829112008,6.0510728335073845,7.165401507542012,8.281902053240923,9.39972379335689,10.518539003600425,11.638326179979295,12.758584168261528,13.879096672533421,15.0,-5.502545454545454,-5.762687665641308,-6.016511146553014,-6.25688080209414,-6.475798560125458,-6.6558399803768085,-6.812637998081651,-6.951312327463854,-7.076090862180501,-7.190534512773356,-7.297687532565057,-7.4000484723331414,-7.5,-0.22624143615243938,-0.22030510002782352,-0.20798235515661562,-0.18835869773624897,-0.1601851219668029,-0.13952454246067222,-0.12342701845227175,-0.11106838862303116,-0.10184763111171449,-0.09536019780811178,-0.09109904625479909,-0.08893528616422021,-0.08897647962794625,0.007678059955889946,0.015912386023724495,0.025280749200263426,0.03613081686932095,0.02744831083946851,0.02141331418607623,0.01645634144850761,0.012285496470868731,0.008644931047204495,0.00567960769029647,0.0028845268898161896,-5.491055472470763e-05,-3.8815818858688725e-06,1.1597114059864781,1.1615180930087379,1.1640957128449365,1.1691397104484953,1.1287795641754825,1.1274569113199902,1.1263907005308846,1.125751817880458,1.1256201266396553,1.1253709299112287,1.1251782231673757,1.1253508620031656,1.6200188721777074e-05
1.5,2.469159206621851,3.4389324863598425,4.413350428416212,5.39678539900647,6.480564997817356,7.5406426435417915,8.60157239613872,9.66515371951479,10.726592454628866,11.790550652546615,12.854227496618138,13.920283529741315,14.987820173235722,16.05097925142516,17.11354472049552,18.176897796183578,19.240329397515385,20.305225152173456,21.374617446470175,22.444124474444436,23.51295607274609,24.597616489841474,25.580356987849907,26.55776781125914,27.528548678617977,28.5,-5.502545454545454,-5.721296857256056,-5.93410701833404,-6.135614474351606,-6.319877047740604,-6.493801929935491,-6.62883878174526,-6.736412080887248,-6.8210762012122,-6.88592820346025,-6.934028558811545,-6.9669679761569085,-6.986161192866158,-6.992335963041865,-6.985666418753872,-6.9661758485327665,-6.933108321072579,-6.8851756719893,-6.820512591841569,-6.736182813800027,-6.6287655017995695,-6.493935099011471,-6.3233523868525765,-6.138053418760411,-5.935279704015875,-5.721938692115592,-5.502545454545454,-0.22199255504694956,-0.21601915954818499,-0.20392325526870342,-0.1852187883190829,-0.15912319803053884,-0.1267015656393638,-0.10104996010165407,-0.07943536303141949,-0.06102234942159206,-0.045178110666243006,-0.03095761034164351,-0.018002002311302317,-0.005784065052524565,0.006273244203550301,0.0183408748316221,0.031087383940156584,0.04504307534560748,0.06064798047812227,0.07869481226162225,0.10010059197313463,0.12548465058897093,0.15599063107474254,0.18636528957184664,0.20455829959425229,0.21632354303931284,0.22211447094714334,0.2220546232890573,0.009018094212073028,0.01827250556169808,0.02818922144474636,0.039101985758771114,0.04427714566472066,0.0359902920791448,0.030394640613992004,0.02588074724353342,0.022345308025700606,0.020025346105538883,0.018259254219883683,0.017186837482623674,0.0169398693800149,0.01702411529780713,0.01798899643727384,0.01967431449263505,0.02198528849651228,0.025368384416156433,0.029923289392391823,0.03540850808933355,0.042450000011248275,0.04147193885498253,0.027281180203845675,0.017677443693105827,0.008739075524301473,-9.013629488101734e-05,9.304345370185348e-05,0.9935400041973357,0.9928486177106987,0.9950354639071884,1.0005483681197298,1.0976466087181906,1.068643794203605,1.0663695196689869,1.0669457552612311,1.063418060097834,1.0650449236799873,1.0641867476230087,1.0662287957314471,1.0675545011271992,1.063179997956877,1.0627442099080702,1.063867107698192,1.0645113004296307,1.0668571972964336,1.0727121656749934,1.0748877870002584,1.0773022857490764,1.0979921117632587,1.000057294269451,0.9982229691506519,0.9939466181646583,0.9959171958628209,0.0
1.5,2.3460224840508377,3.215138395414556,4.130429565399599,5.130452209257127,6.562637103894073,7.493052857071094,8.421288400383952,9.348318161924006,10.27246876182255,11.194317281714712,12.115343983833503,13.034562060191272,13.954055152411518,14.874515987523763,15.79641994917197,16.720946823729083,17.649428810552905,18.583196267278048,19.524626963309633,20.47821807145602,21.448666456024682,22.445979188312474,23.49739957520022,24.861509999356684,25.84635952745768,26.763478074106903,27.64041817853908,28.5,-5.502545454545454,-4.707176173948623,-3.916674412709881,-3.1408592228967875,-2.388404541293929,-1.504692462870647,-1.198026873450658,-0.9558178711589322,-0.7624526130897475,-0.6071629912675178,-0.4809038259569608,-0.3761599682097087,-0.2867419579280417,-0.20672041334078645,-0.13067987681092394,-0.05330311679976386,0.030853021094235537,0.12760005598858445,0.24340951078329254,0.38594298940758126,0.5650923614095598,0.7941955681705976,1.094112510570645,1.5057557360343305,2.23704353963506,2.990342297441787,3.799447366947871,4.642190488739377,5.502545454545454,0.7545480393441518,0.7380647178257296,0.703108242762655,0.6450593829216115,0.5528531201121207,0.318387337722854,0.25524351669873513,0.20563735206547681,0.16647971456697824,0.13611611918354025,0.11323859017774159,0.09697105957793534,0.08680917204713202,0.08242420166188758,0.08373521554509665,0.09077600231944599,0.1038244700723182,0.12339375913231472,0.15025971706464517,0.1857035257486076,0.2318349249384473,0.29212186383066535,0.3731673973144491,0.49210211674837745,0.6529609996130259,0.722907512525193,0.7655151477258945,0.7858476756097232,0.7858581699600204,-0.0212895480611395,-0.044601665809150294,-0.07244298528914651,-0.11006889798951447,-0.20602045570884361,-0.0963834972097995,-0.0774099353690014,-0.06194557048552177,-0.04856392240659943,-0.03686449850241636,-0.026317821968320415,-0.01650298707489895,-0.007126292659208128,0.0021292070917123384,0.011415226967822165,0.021080216852477875,0.031434369691911136,0.042803050154416274,0.05577906661288373,0.07119657893730773,0.09044375302712221,0.11620582913180423,0.1567041545529022,0.15464978278321342,0.08441747696528215,0.052209946366688825,0.025071040170618578,1.2938611439988962e-05,6.456669918857605e-06,1.1611917731535346,1.1748427548293414,1.1998529636916233,1.2514924421000984,1.6828846083718467,0.9796515997439572,0.9593156018654116,0.9469816791488319,0.9371068170716411,0.9304547604910715,0.9269635686147533,0.9235569563486952,0.9229685764313794,0.9235964002617989,0.9251454357871011,0.9283491779196552,0.9335088563480678,0.940921616075294,0.9521594055837339,0.9702734083317519,0.9971250373091253,1.041433079120679,1.1291301851539517,1.5477658415917588,1.2399143561598978,1.2230116269303841,1.2162400714388717,1.2161790872711435,2.67192748884028e-05
1.5,1.5000000000000022,1.500000000000004,1.5000000000000069,1.5000000000000167,1.5000000000000056,1.5000000000000056,1.5000000000000044,1.4999999999999993,1.4999999999999996,1.5,5.502545454545454,3.5025506255060193,1.5048141338256495,-0.47313323622507547,-0.47313691129125474,-0.4731369171615547,-0.47320448141939386,-2.3466064586490116,-3.8660024221460563,-3.8660025571909045,-5.502545454545454,-1.5707963267948957,-1.570796326794896,-1.5707963267948952,-1.5707963267906428,-1.5707963267948966,-1.5707963267941025,-1.5707963267948966,-1.5707963267948966,-1.5707963260903515,-1.5707963267948963,-1.5599126877117722,-1.8607758571637886e-16,5.440498792294825e-16,3.9612848762070256e-11,-0.04241886485222808,-0.3293632127262638,4.621975753064947e-08,-2.1840933999768715e-15,7.009774305357021e-10,-0.007400489561889423,0.0099754406661604,-0.03320996952362383,1.9999948314653062,1.9977364903724935,1.977947372493078,3.675066810171455e-06,5.870464387258238e-09,6.75642578391852e-05,1.8734019676724054,1.5193959634970444,1.3504484808025251e-07,1.6365428973545497,0.0
15.0,16.12073080639351,17.242332817502195,18.363930827539455,19.48409185848402,20.60455077459314,21.725704550266663,22.84657143758977,23.96715659200795,25.107446521783704,26.24160137280488,27.371814733397372,28.5,-7.5,-7.400610075122856,-7.298850881487033,-7.192206429176104,-7.078200536770215,-6.9536007019084884,-6.814491380003635,-6.656585436557189,-6.474425959020215,-6.257046336514045,-6.017308766661759,-5.763333597722018,-5.502545454545454,0.08845176613393724,0.09047893180714776,0.09479761253315636,0.10142709629005599,0.11074926101391167,0.12344601966210075,0.1399573584876897,0.16114787955115012,0.18837513417619653,0.2083134846133474,0.2210425435349553,0.22716716383236035,0.22724256534085774,0.0027025111335391657,0.005752000430505119,0.00882607845227823,0.01241845310074016,0.016891867872091567,0.021919040463131537,0.028073543049592295,0.035958334406237566,0.02575831922397146,0.016469630290175827,0.00793055855510971,9.769516636591291e-05,2.257175289022849e-05,1.1251292636678534,1.1262086771625557,1.126656613583898,1.1259476352169024,1.1273656467590019,1.1297509415945115,1.131935009167709,1.1352943032978666,1.160825147689614,1.1592158240559263,1.1583978701310873,1.1579345626493058,0.0038563009507492302
15.0,16.28985507024311,17.585404790808937,18.892195600317,20.223152319616258,21.608350604463208,23.252106359984563,24.874218931099374,25.52323942135779,26.051327865723557,26.49554639107651,26.87567688137872,27.207506331082165,27.504172083166054,27.775836979037173,28.026854345789843,28.266069149677023,28.5,-7.5,-7.496513563098857,-7.473987661801068,-7.410508925492632,-7.276878538323128,-7.024320225000672,-6.497563787002751,-5.327627544005426,-4.307564609905091,-3.260220024364463,-2.191232934724495,-1.1105865822395544,-0.022305594163102162,1.0743207003260686,2.181722725689528,3.2856944207515997,4.392450290990776,5.502545454545454,0.0027029681340903075,0.01738538373359787,0.04853789917042855,0.10006641143819724,0.18034547590394426,0.3101193140739741,0.6248407517402711,1.0041441948580563,1.103781136876266,1.1769562695884548,1.2325525361123706,1.274839615586376,1.3065944471307072,1.330229675635107,1.347220930614257,1.3579302647652112,1.3631046267922977,1.3631651390965196,0.01707277246757151,0.03604761109928604,0.05900876210787881,0.08978060933645376,0.1373792060129962,0.2669684787440435,0.27715592746931783,0.12299192557549186,0.09330668767494728,0.07191593317406457,0.05531460086326752,0.04184102074625924,0.031197142090285745,0.022348555180735464,0.01418798496896309,0.006854502970003647,7.997265891902474e-05,0.00026412330992384397,1.289859781414998,1.2957455355585605,1.3083316736237205,1.337648260576345,1.4080340868921852,1.7260953978353473,2.0,1.2090309832184156,1.172948450557096,1.1576111047039477,1.1455547651310711,1.1377461441323289,1.1360456847239924,1.140237265930719,1.1321498134848906,1.1323127876499435,1.1344756117595063,0.0005114405681517298
1.5,1.741673753417463,1.99112987732469,2.256656269553934,2.5477214872883156,2.876295127838762,3.258530652202928,3.718491684328947,4.299517321503742,5.125125500859961,6.563665558003934,7.769092416977554,8.97993653571167,10.189082274386326,11.395165608655912,12.597844175610195,13.79892914015023,15.0,5.502545454545454,4.338800461488987,3.174987952791045,2.011147065940983,0.847839466645838,-0.31511765328614816,-1.4792290221074678,-2.648030295322312,-3.8338844907269456,-5.105862851089282,-6.4953240799612475,-6.915792652243924,-7.182737955227927,-7.346527733934401,-7.439363394426481,-7.484212170908735,-7.499222224716667,-7.5,-1.3660377406831867,-1.3596473463199827,-1.3464889469065835,-1.3256248601942948,-1.2954404181299126,-1.2535378026306558,-1.195878011621749,-1.1152098700663948,-0.9950723055583953,-0.7680453063873633,-0.33561695063140157,-0.21699108189474228,-0.13463957168418728,-0.0768213599965917,-0.03727347660298771,-0.012496365478971636,-0.0006475684344032953,-0.0006134300030303878,0.008064618245478467,0.016581272048853058,0.026210736997218056,0.03773880850562306,0.05196379629225554,0.07047204842286518,0.09603916167833004,0.13562579073923786,0.2209026107700555,0.31361788730452234,0.13848679538263328,0.09929749512893983,0.07095764008056496,0.049001202842191914,0.030871130795960506,0.014795297734962751,4.262931250137107e-05,2.32831788158444e-06,1.1885741872569893,1.1902469957576685,1.1937461439181107,1.199167843642073,1.2084824774122194,1.2252588604267451,1.256049578926318,1.3205456971786445,1.5164292734197002,2.0,1.276654895668287,1.2399206500793742,1.2201887184532962,1.2096509698899012,1.2035144966601337,1.2011787464606691,1.2010711116806452,0.00020004684856312745
28.5,28.500000000000004,28.49999999999999,28.499999999999975,28.499999999999982,28.49999999999999,28.50000000000002,28.500000000000007,28.499999999999993,28.5,28.5,5.502545454545454,4.358920492633796,3.3075546988529423,2.145451605387442,1.1065811084044936,-0.14482017752042364,-1.342257130245469,-2.592534286964511,-3.849461412544374,-5.097075541254719,-5.502545454545454,-1.5707963267948901,-1.5707963267948966,-1.5707963267948966,-1.5707963267948895,-1.5707963267948883,-1.5707963267948717,-1.5707963267948966,-1.5707963267948966,-1.5707963267948897,-1.5707963267948957,-1.5707963267947713,-2.2259354453499184e-14,-8.320530562584304e-16,2.601576463001198e-14,7.500621362349316e-16,2.0612304046752856e-14,-4.7045574667934505e-14,1.703798565291399e-15,2.1692463051898208e-14,-8.114825996387129e-15,-1.1986027367486874e-07,-0.0026698174726758677,1.1436249619116583,1.051365793780854,1.1621030934655001,1.0388704969829479,1.2514012859249175,1.1974369527250455,1.2502771567190423,1.2569271255798626,1.2476141287103448,0.4054699132907355,0.00014962365624507904
1.5,2.350356732570509,3.2234349554925092,4.139034854331049,5.128898801984397,6.641710968830737,7.737276661568834,8.838213145077459,9.943723625522994,11.049658977908072,12.15576494448705,13.261774331346047,14.370036674940698,15.477549305287203,16.588492671249526,17.70183737008911,18.82009838641799,19.94581273218211,21.085014935458226,22.24415307987719,23.44938796023403,24.861895899655323,25.42844417328579,25.971882838144108,26.497652149006935,27.008657447980287,27.509731335841924,28.00557333278683,28.5,5.502545454545454,4.720234724421152,3.9419636351438645,3.178655318696748,2.4413046878567,1.5035645582636796,1.1390684762300192,0.8611157500365769,0.6457570029141132,0.4768015370926607,0.34085825317756757,0.22690719559914144,0.12509464347774618,0.026920525201214057,-0.07656568693277714,-0.1943922128402597,-0.33697268774248224,-0.5168505587677311,-0.7510425929387718,-1.064595753584901,-1.5048898757429405,-2.242083288023167,-2.6886262961933616,-3.1448970979665125,-3.6087505672764495,-4.076992303163212,-4.548894076266217,-5.024291820772816,-5.502545454545454,-0.7437444804684996,-0.7280492010847183,-0.6949370343393032,-0.6402297480368293,-0.5548985967341806,-0.3211815841807896,-0.24730138349806355,-0.19239518744370332,-0.15159941019283468,-0.12228932267992504,-0.10266676970183342,-0.0916096964874284,-0.08841269567630188,-0.09288360340240319,-0.10543864792709236,-0.12681768573622615,-0.15845047395578055,-0.2027507737866628,-0.2641828620032845,-0.35025552950459715,-0.48101678423552846,-0.6674929960349347,-0.6984249320431432,-0.7229145159865394,-0.7417560435074331,-0.7554247612383559,-0.7643516223860228,-0.7687724219843259,-0.7687777262924258,0.02037233786347003,0.04244040733937357,0.06873222277315452,0.10332983832031534,0.19447685236663112,0.09568769517289957,0.07240565770840196,0.05427857665638624,0.03927763760165836,0.026405447545269328,0.014915835360408303,0.004308869895936821,-0.006031610250232342,-0.016877199391643286,-0.028635999647404858,-0.042065656057807856,-0.05822424361085921,-0.07906626347189746,-0.10710783755962153,-0.15168659172127347,-0.17378472896897926,-0.06423055303750601,-0.05172275798610633,-0.04028740594519609,-0.029573408268677916,-0.01945148886062094,-0.009653192159742622,-1.1561830865241798e-05,8.794682226032033e-06,1.1554724777142416,1.1696031253925783,1.192041425416074,1.2343081406309873,1.7798756141341294,1.1546088405557562,1.1354817671915542,1.126291615808566,1.1187667107024728,1.1144285461670589,1.1118640225350283,1.1129291162990418,1.1118553782073346,1.115752909694521,1.1195621945534966,1.1273140139409543,1.1399951033037559,1.1630251779594274,1.200798410370105,1.2831406865951642,1.593308755734487,0.7213720255226265,0.7095834178913262,0.7011372254847491,0.6930921571498418,0.6883068530632902,0.6869223393305671,0.6878839046662277,0.0
1.5,2.462729303723091,3.431284703859361,4.408927821918383,5.393879231302128,6.482009646787427,7.545565921278712,8.610672851341997,9.674747884501398,10.73879503543483,11.801497988940797,12.863332207329137,13.927155507986486,14.993703687586287,16.063544142466924,17.131936232121443,18.19664533954149,19.260965171516062,20.32567377148584,21.389346554602685,22.453424905358435,23.51491261410913,24.598674606504577,25.576399964458407,26.550230667993663,27.52769149355004,28.5,5.502545454545454,5.718717815005343,5.930612269061043,6.132760174172135,6.3180370830156205,6.493831853243175,6.630497420946663,6.739825332242439,6.825702319258893,6.891991103623854,6.941091749420211,6.9746903073155195,6.9945297936273905,7.000914256940559,6.994128100898196,6.973742580359419,6.939392144487926,6.889870447625912,6.823344732328031,6.737590159146853,6.6290978204656685,6.493895173284514,6.322702319392341,6.138190017200029,5.936289201904467,5.7216833489575585,5.502545454545454,0.22087767555950222,0.21538034531199116,0.20389721512702527,0.18593493441655665,0.1601727459043285,0.1277983326499299,0.10228681317514393,0.0805312290951629,0.06221832004329911,0.046170719600487804,0.03163144074198906,0.018647062928507815,0.0059860307149442495,-0.006343060884277756,-0.01907824032289573,-0.032251552402660214,-0.04649541089378548,-0.06240143184213681,-0.08044720366427958,-0.1016078549393787,-0.1266887683348454,-0.15666715228941414,-0.1865222781833815,-0.20443015445068977,-0.2161252686333782,-0.22167512656691385,-0.22177050623369796,-0.008356938764550265,-0.017371312241878628,-0.026982098738401145,-0.03853832468907686,-0.04402876946224035,-0.03567190727480907,-0.030469027495843605,-0.02572592726318109,-0.022574885712111054,-0.02049736445980413,-0.0183311337947096,-0.017847151052793435,-0.01733766830828607,-0.017853452458493128,-0.018489581635561577,-0.020054145201765423,-0.022389227906999546,-0.02536861432569005,-0.029735640187009596,-0.035158950078564684,-0.041998538946572975,-0.04079282034841722,-0.026990705300061337,-0.017637134660285693,-0.008318408279992893,-0.00014354298250404029,9.976007519166948e-05,0.9867006644276705,0.9914629613405628,0.9983235137033012,1.0022259275138443,1.1022393538560051,1.0723009840085929,1.0707031996692136,1.067534785843871,1.0661100037072588,1.0638366598242113,1.062365643583605,1.0640082657552272,1.0665672693699948,1.0698619773823286,1.0685865540095079,1.0652630820965294,1.0654713008986012,1.0667849231088264,1.0671240023041895,1.0695949345736118,1.0700635033564898,1.0971996385656395,0.9949832487195686,0.9945401833750614,1.000742392811293,0.9966971697859046,0.0054644936728137075
